[{"@type":"mappingTemplate","id":"@1","name":"Mapping_RESTV2","description":"","autoExpireObject":false,"bundleVersion":"0","assetFrsGuid":"hyVs0tDD2avjkQTZwTQhSD","templateId":"@3","hasParameters":false,"valid":true,"fixedConnection":true,"hasParametersDeployed":false,"fixedConnectionDeployed":false,"isSchemaValidationEnabled":false,"tasks":0,"mappingPreviewFileRecordId":"@2","documentType":"MAPPING","references":[{"@type":"reference","refObjectId":"@4xJctCnrTSOeega3OeOusP","refType":"connection"},{"@type":"reference","refObjectId":"@jB9Eso62y4BcUrKg7MAzY1","refType":"connection"}]}]